id,name,dob,created_at
1,Brandon,2002-01-25,2026-03-27 13:27:19.626996
2,Brandon,1900-01-01,2026-03-27 13:27:19.626996
3,Dominikus,1900-01-01,2026-03-27 13:27:19.626996
4,Charlie,,2026-03-27 13:27:19.626996
5,Antonio,20/12/1995,2026-03-27 13:27:19.626996
6,Charlie,1998-05-20,2026-03-27 13:27:19.626996
7,PT Black Bird,26/04/1992,2026-03-27 13:27:19.626996
8,Brandon,,2026-03-27 13:27:19.626996
9,Charlie,,2026-03-27 13:27:19.626996
10,Brandon,16/03/1996,2026-03-27 13:27:19.626996
11,PT Black Bird,1982-11-13,2026-03-27 13:27:19.626996
12,Brandon,,2026-03-27 13:27:19.626996
13,Charlie,,2026-03-27 13:27:19.626996
14,Charlie,13/08/2001,2026-03-27 13:27:19.626996
15,PT Black Bird,1997-11-07,2026-03-27 13:27:19.626996
16,Charlie,1997-04-10,2026-03-27 13:27:19.626996
17,PT Maju Jaya,1900-01-01,2026-03-27 13:27:19.626996
18,PT Black Bird,,2026-03-27 13:27:19.626996
19,PT Maju Jaya,,2026-03-27 13:27:19.626996
20,Brandon,1983-03-26,2026-03-27 13:27:19.626996
21,Antonio,1900-01-01,2026-03-27 13:27:19.626996
22,Antonio,,2026-03-27 13:27:19.626996
23,PT Sejahtera,1900-01-01,2026-03-27 13:27:19.626996
24,Brandon,13/01/1989,2026-03-27 13:27:19.626996
25,Antonio,1983-12-14,2026-03-27 13:27:19.626996
26,Brandon,1982-10-27,2026-03-27 13:27:19.626996
27,Charlie,,2026-03-27 13:27:19.626996
28,PT Maju Jaya,1996-10-04,2026-03-27 13:27:19.626996
29,PT Black Bird,1900-01-01,2026-03-27 13:27:19.626996
30,PT Sejahtera,1900-01-01,2026-03-27 13:27:19.626996
31,Antonio,1994-10-03,2026-03-27 13:27:19.626996
32,Antonio,1982-08-11,2026-03-27 13:27:19.626996
33,PT Black Bird,1992-10-27,2026-03-27 13:27:19.626996
34,PT Black Bird,1900-01-01,2026-03-27 13:27:19.626996
35,Dominikus,20/06/1993,2026-03-27 13:27:19.626996
36,PT Black Bird,25/11/1992,2026-03-27 13:27:19.626996
37,PT Sejahtera,1900-01-01,2026-03-27 13:27:19.626996
38,Dominikus,11/07/1987,2026-03-27 13:27:19.626996
39,Charlie,1982-12-16,2026-03-27 13:27:19.626996
40,Brandon,,2026-03-27 13:27:19.626996
41,Erik,,2026-03-27 13:27:19.626996
42,PT Black Bird,10/04/2003,2026-03-27 13:27:19.626996
43,Dominikus,1900-01-01,2026-03-27 13:27:19.626996
44,PT Black Bird,2000-09-30,2026-03-27 13:27:19.626996
45,PT Sejahtera,14/01/1989,2026-03-27 13:27:19.626996
46,Antonio,,2026-03-27 13:27:19.626996
47,Antonio,1982-04-03,2026-03-27 13:27:19.626996
48,PT Black Bird,,2026-03-27 13:27:19.626996
49,PT Maju Jaya,1999-08-21,2026-03-27 13:27:19.626996
50,PT Sejahtera,1900-01-01,2026-03-27 13:27:19.626996
51,PT Sejahtera,1986-03-02,2026-03-27 13:27:19.626996
52,Brandon,1900-01-01,2026-03-27 13:27:19.626996
53,PT Sejahtera,1900-01-01,2026-03-27 13:27:19.626996
54,PT Sejahtera,1900-01-01,2026-03-27 13:27:19.626996
55,PT Maju Jaya,01/07/1994,2026-03-27 13:27:19.626996
56,PT Maju Jaya,,2026-03-27 13:27:19.626996
57,PT Black Bird,1900-01-01,2026-03-27 13:27:19.626996
58,PT Sejahtera,1988-11-27,2026-03-27 13:27:19.626996
59,Antonio,1987-01-24,2026-03-27 13:27:19.626996
60,Antonio,2000-10-14,2026-03-27 13:27:19.626996
61,Charlie,1991-09-22,2026-03-27 13:27:19.626996
62,PT Black Bird,07/09/1985,2026-03-27 13:27:19.626996
63,Dominikus,02/12/2004,2026-03-27 13:27:19.626996
64,Charlie,1997-07-10,2026-03-27 13:27:19.626996
65,Erik,1900-01-01,2026-03-27 13:27:19.626996
66,PT Black Bird,,2026-03-27 13:27:19.626996
67,PT Sejahtera,1900-01-01,2026-03-27 13:27:19.626996
68,Brandon,,2026-03-27 13:27:19.626996
69,PT Maju Jaya,1900-01-01,2026-03-27 13:27:19.626996
70,Antonio,,2026-03-27 13:27:19.626996
71,Charlie,,2026-03-27 13:27:19.626996
72,Erik,1900-01-01,2026-03-27 13:27:19.626996
73,PT Sejahtera,,2026-03-27 13:27:19.626996
74,Dominikus,1900-01-01,2026-03-27 13:27:19.626996
75,PT Maju Jaya,31/01/1996,2026-03-27 13:27:19.626996
76,Dominikus,1900-01-01,2026-03-27 13:27:19.626996
77,Dominikus,2000-02-21,2026-03-27 13:27:19.626996
78,PT Sejahtera,1998-10-10,2026-03-27 13:27:19.626996
79,Brandon,,2026-03-27 13:27:19.626996
80,Erik,01/09/1988,2026-03-27 13:27:19.626996
81,Erik,27/08/1986,2026-03-27 13:27:19.626996
82,Charlie,1900-01-01,2026-03-27 13:27:19.626996
83,Brandon,1900-01-01,2026-03-27 13:27:19.626996
84,Dominikus,,2026-03-27 13:27:19.626996
85,Antonio,04/01/1997,2026-03-27 13:27:19.626996
86,Charlie,1900-01-01,2026-03-27 13:27:19.626996
87,Antonio,1900-01-01,2026-03-27 13:27:19.626996
88,Brandon,21/09/1986,2026-03-27 13:27:19.626996
89,Dominikus,1900-01-01,2026-03-27 13:27:19.626996
90,Antonio,,2026-03-27 13:27:19.626996
91,Brandon,,2026-03-27 13:27:19.626996
92,Charlie,09/01/2004,2026-03-27 13:27:19.626996
93,Antonio,1982-03-24,2026-03-27 13:27:19.626996
94,Charlie,1993-12-30,2026-03-27 13:27:19.626996
95,Antonio,1986-09-16,2026-03-27 13:27:19.626996
96,Dominikus,20/10/1991,2026-03-27 13:27:19.626996
97,PT Maju Jaya,,2026-03-27 13:27:19.626996
98,Charlie,,2026-03-27 13:27:19.626996
99,PT Maju Jaya,1900-01-01,2026-03-27 13:27:19.626996
100,Dominikus,,2026-03-27 13:27:19.626996
